indicator,type,IOC type,source,first seen,tags
https://instagraam-login.vercel.app/,url,phishing,PhishTank,31/03/2026,banking phishing
https://bn-credit.eu.cc/home.html,url,phishing,PhishTank,31/03/2026,banking phishing
https://login.wernerwoodworking.com/?_scpr=z3hHHA5aLgwubZmNSJszzCJJ,url,phishing,PhishTank,31/03/2026,banking phishing
https://login.goacrosstravel.com/?_scpr=zCbUTbOHRpCWD3eDjxcREEUt,url,phishing,PhishTank,31/03/2026,banking phishing
https://login.washingtonnewsobserver.com/?_scpr=2gzId9gaVbwwBwIotLra64tM,url,phishing,PhishTank,31/03/2026,banking phishing
https://login.gauway.com/?_scpr=0ThGkc2gI6ydLS9lKu0UeyZ9,url,phishing,PhishTank,31/03/2026,banking phishing
https://login.disinfectionforce.com/?_scpr=IfZkhCbCfNFhzLJfiaHdy01b,url,phishing,PhishTank,31/03/2026,banking phishing
https://login.listofpharmacies.com/?_scpr=8uplMVjsaUsoyLat67pFzDqH,url,phishing,PhishTank,31/03/2026,banking phishing
https://loginunivers4l2026.wasmer.app/,url,phishing,PhishTank,31/03/2026,banking phishing
https://credit-pichincha-flow.lovable.app/,url,phishing,PhishTank,31/03/2026,banking phishing
https://self-service.moontoncs.com/tools/cancelaccount/login,url,phishing,PhishTank,31/03/2026,banking phishing
https://did.li/Bankmizrahi,url,phishing,PhishTank,31/03/2026,banking phishing
https://easybank-kundenservice-mijndomein.co.nl/wp-admin/js/admin/alo,url,phishing,PhishTank,31/03/2026,banking phishing
https://bafybeibl2gixzwyfl2ietqcnlvt7agvvabfrgdubyxbccwsc5tpcace4fa.ipfs.dweb.link/zmail-online-dashboard.html,url,phishing,PhishTank,31/03/2026,banking phishing
https://hu-magyar-mnnbhbank-guxzzpfg.s3.eu-west-2.amazonaws.com/home.html,url,phishing,PhishTank,31/03/2026,banking phishing
https://bouyguestelecom.espace-facture.com/pages/secure.php,url,phishing,PhishTank,31/03/2026,banking phishing
https://spokojnydzien.online/bank_login.php?id=255,url,phishing,PhishTank,31/03/2026,banking phishing
https://summarysmp.classingert.co/auth/web/login.php,url,phishing,PhishTank,31/03/2026,banking phishing
https://ggg.ixo.mybluehost.me/ryf/login.php,url,phishing,PhishTank,31/03/2026,banking phishing
https://precitecsaws.com/.well-known/.Greate/login.php,url,phishing,PhishTank,31/03/2026,banking phishing
https://www.precitecsaws.com/.well-known/.Greate/login.php,url,phishing,PhishTank,31/03/2026,banking phishing
https://www.precitecsaws.com//.well-known/.Greate/login.php,url,phishing,PhishTank,31/03/2026,banking phishing
https://accounts.technical.vu/connectivities.shtml?holder=#am9jaGVtQGZhbXBsdWltLm5s,url,phishing,PhishTank,30/03/2026,banking phishing
https://securemail-indec-gob-ar.weebly.com/,url,phishing,PhishTank,30/03/2026,banking phishing
https://mail-pyfib.fr/espace/login/messagerie.php,url,phishing,PhishTank,30/03/2026,banking phishing
https://mail-pyfib.fr/espace/login/,url,phishing,PhishTank,30/03/2026,banking phishing
https://informatique.sviluppo.host/ump/web/login.php,url,phishing,PhishTank,30/03/2026,banking phishing
https://msbot-verification.github.io/login/,url,phishing,PhishTank,30/03/2026,banking phishing
http://lcloud-apps.online/app/webroot/script/login_2026/,url,phishing,PhishTank,30/03/2026,banking phishing
http://lcloud-apps.online/app/webroot/script/login_2026,url,phishing,PhishTank,30/03/2026,banking phishing
http://www.discordloginpage.vercel.app/,url,phishing,PhishTank,30/03/2026,banking phishing
https://easydebnk.wpenginepowered.com/trtrt/Online-Banking%20_%20easybank.html,url,phishing,PhishTank,30/03/2026,banking phishing
https://www.credit-agricolees.endora.site/,url,phishing,PhishTank,30/03/2026,banking phishing
https://ppot.dudi-lavi.co.il/wp-includes/auth/hiw/show/login/co/il/,url,phishing,PhishTank,30/03/2026,banking phishing
https://sahityasarokar.com/tan/loo/pages/login.php,url,phishing,PhishTank,30/03/2026,banking phishing
http://dashboards-decentralized.pages.dev/,url,phishing,PhishTank,30/03/2026,banking phishing
https://dashboards-decentralized.pages.dev/,url,phishing,PhishTank,30/03/2026,banking phishing
http://cloudfaredboard.pages.dev/,url,phishing,PhishTank,30/03/2026,banking phishing
https://cloudfaredboard.pages.dev/,url,phishing,PhishTank,30/03/2026,banking phishing
https://pub-bd9a8f553c1940e69c014a5e0e8754bb.r2.dev/secure.html,url,phishing,PhishTank,30/03/2026,banking phishing
http://mirosoftaccount.webcindario.com,url,phishing,PhishTank,30/03/2026,banking phishing
https://wap.binance-bank.com/,url,phishing,PhishTank,30/03/2026,banking phishing
https://libera-confira-v1.vercel.app/login/index.html,url,phishing,PhishTank,30/03/2026,banking phishing
https://kukuoeinlogin.webflow.io/,url,phishing,PhishTank,30/03/2026,banking phishing
https://free.echeance-facture.com/pages/secure.php,url,phishing,PhishTank,30/03/2026,banking phishing
https://983oijdsa0ow18lo.fantoo.zynoxa.eu/9mkci/public/page/login.php,url,phishing,PhishTank,30/03/2026,banking phishing
https://uzywac2750.online/bank_login.php?id=261,url,phishing,PhishTank,30/03/2026,banking phishing
https://stosowac2750.online/bank_login.php?id=261,url,phishing,PhishTank,30/03/2026,banking phishing
https://loginxfinitycomaccountnotice.framer.wiki/,url,phishing,PhishTank,29/03/2026,banking phishing
https://btonlinesecureservice.weebly.com/,url,phishing,PhishTank,29/03/2026,banking phishing
https://aahwtxg.gzqxxqxj.cn/yual_login_exp/getuug/,url,phishing,PhishTank,29/03/2026,banking phishing
https://h-uphooold-login.typedream.app/,url,phishing,PhishTank,29/03/2026,banking phishing
https://creditbdv5.webcindario.com/,url,phishing,PhishTank,29/03/2026,banking phishing
https://krakenlogin.co.com/,url,phishing,PhishTank,29/03/2026,banking phishing
https://mitasmsklogind.webflow.io/,url,phishing,PhishTank,29/03/2026,banking phishing
https://hostiasdomus.es/sma/web/login.php,url,phishing,PhishTank,29/03/2026,banking phishing
https://gimanelogin.webflow.io/,url,phishing,PhishTank,29/03/2026,banking phishing
https://gemini.chatgpt-use.com/login?callbackUrl=https%3A%2F%2Fgemini.chatgpt-use.com%2F,url,phishing,PhishTank,28/03/2026,banking phishing
https://csudubxs.zimxfxq.cn/yual_login_exp/getuug/,url,phishing,PhishTank,28/03/2026,banking phishing
https://home-pl.nlpnetwork.me/klsjiudf/pages/login.php,url,phishing,PhishTank,28/03/2026,banking phishing
https://actualizacion-espacio.com/login,url,phishing,PhishTank,28/03/2026,banking phishing
https://secureauoptusaustralianupdtoptusnetprivt.myaccappidseaustralian.com/my-account-login/,url,phishing,PhishTank,27/03/2026,banking phishing
https://rnwe-login.info/,url,phishing,PhishTank,27/03/2026,banking phishing
https://rnwe-login.info/captcha,url,phishing,PhishTank,27/03/2026,banking phishing
http://allegrolokalnie.rezerwacja3293344.sbs/oferta/iphone-17-pro-2?allegro=login,url,phishing,PhishTank,27/03/2026,banking phishing
https://topdesconto.site/login/,url,phishing,PhishTank,27/03/2026,banking phishing
https://zabka-2600-zl.site/bank.php?slug=milenniumbankpl,url,phishing,PhishTank,27/03/2026,banking phishing
https://assistenza-clienti.ing.it.justns.ru/Ing/it/iting/client/login.php,url,phishing,PhishTank,27/03/2026,banking phishing
https://225.48.167.72.host.secureserver.net/?7DI2B96D,url,phishing,PhishTank,27/03/2026,banking phishing
https://225.48.167.72.host.secureserver.net/close.html,url,phishing,PhishTank,27/03/2026,banking phishing
https://www.fullrpm.cl/COPYRIGHT/3/pages/login.php,url,phishing,PhishTank,27/03/2026,banking phishing
https://quality-metrics-dashboard.pages.dev/,url,phishing,PhishTank,27/03/2026,banking phishing
http://quality-metrics-dashboard.pages.dev/,url,phishing,PhishTank,27/03/2026,banking phishing
https://us-conect-ledger-live-login.typedream.app/,url,phishing,PhishTank,26/03/2026,banking phishing
https://vrinfosecgo.de/op/pages/login.php,url,phishing,PhishTank,26/03/2026,banking phishing
http://lingnaiguodao-alt.github.io/roblox-secure,url,phishing,PhishTank,26/03/2026,banking phishing
https://lingnaiguodao-alt.github.io/roblox-secure/,url,phishing,PhishTank,26/03/2026,banking phishing
https://wordpress-209677-0.cloudclusters.net/dkb/login.php,url,phishing,PhishTank,26/03/2026,banking phishing
https://treasury-gov-verify.org/digital-assets/auth/safe-gate,url,phishing,PhishTank,26/03/2026,banking phishing
https://www.jnnsxx.com/web/login,url,phishing,PhishTank,26/03/2026,banking phishing
http://icloud-id.support/script/login_2026/index.php,url,phishing,PhishTank,26/03/2026,banking phishing
https://vrinfosecgo.de/ov/pages/login.php,url,phishing,PhishTank,26/03/2026,banking phishing
https://vrinfosecgo.de/o/pages/login.php,url,phishing,PhishTank,26/03/2026,banking phishing
https://loginassistance.at/greenwichfirst,url,phishing,PhishTank,25/03/2026,banking phishing
https://allan-affecting-modern-air.trycloudflare.com/jose7823432/common/login?id=,url,phishing,PhishTank,25/03/2026,banking phishing
https://accounts.bmwweb.academy/en/login,url,phishing,PhishTank,25/03/2026,banking phishing
https://ehay-uk-login-secures-ww7rwgzs.carremovals247.com.au/,url,phishing,PhishTank,25/03/2026,banking phishing
https://lordservice.com.br/images/images/WebLogin.html,url,phishing,PhishTank,25/03/2026,banking phishing
https://skatteetattens.com/bank-id/,url,phishing,PhishTank,25/03/2026,banking phishing
https://awrey6666.github.io/login-with-FaceBook/,url,phishing,PhishTank,25/03/2026,banking phishing
https://sahityasamvad.sahityasarokar.com/louwhan/pages/login.php,url,phishing,PhishTank,25/03/2026,banking phishing
https://verifynewsystemupdtoearkgbakermvuuerb.sabriasdkmec.biz.id/?ebhrvs,url,phishing,PhishTank,25/03/2026,banking phishing
https://attdesloginfffhfhfhfbfjhj.weebly.com,url,phishing,PhishTank,25/03/2026,banking phishing
https://attdesloginfffhfhfhfbfjhj.weebly.com/,url,phishing,PhishTank,25/03/2026,banking phishing
https://cas-ent-login.framer.website/,url,phishing,PhishTank,25/03/2026,banking phishing
https://aarayan.com/sso/login/qwdwzikt,url,phishing,PhishTank,25/03/2026,banking phishing
https://kiucknlogin.webflow.io/,url,phishing,PhishTank,25/03/2026,banking phishing
https://guv.uxq.mybluehost.me/website_72a929c3/input/login.php,url,phishing,PhishTank,25/03/2026,banking phishing
https://k-kiucoinlogin.webflow.io/,url,phishing,PhishTank,25/03/2026,banking phishing
https://sanj.quickaccountrepair.cfd/v8/page/sanjlogin?track=9535152842954,url,phishing,PhishTank,24/03/2026,banking phishing
https://tengohncreditos.webcindario.com/,url,phishing,PhishTank,24/03/2026,banking phishing
https://pichincha-creditbienvenido-s.lovable.app/,url,phishing,PhishTank,24/03/2026,banking phishing
https://ebookk-449b3f27-df3a-4ac8-80e2-8bf5a43dc385.indiandiasporacouncil.nl/idx/pages/login.php,url,phishing,PhishTank,24/03/2026,banking phishing
https://streaming-accountlogin.com/,url,phishing,PhishTank,24/03/2026,banking phishing
https://streaming-accountlogin.com/index.php,url,phishing,PhishTank,24/03/2026,banking phishing
https://livraison-relay-suivi-info.com/login,url,phishing,PhishTank,24/03/2026,banking phishing
https://login-hotmaii.com/,url,phishing,PhishTank,24/03/2026,banking phishing
https://login-microsoftonline.zentrale.services/,url,phishing,PhishTank,24/03/2026,banking phishing
https://renew-sponifty.com/ham/main/login.php,url,phishing,PhishTank,23/03/2026,banking phishing
https://account-watchtv.com/,url,phishing,PhishTank,23/03/2026,banking phishing
https://account-watchtv.com/index.php,url,phishing,PhishTank,23/03/2026,banking phishing
https://renew-sponifty.com/bEqbXLnS7g/mag/hu/dashboard-refund.php,url,phishing,PhishTank,23/03/2026,banking phishing
https://docrornologin.duckdns.org/ffyhvgvc/,url,phishing,PhishTank,23/03/2026,banking phishing
https://docrornologin.duckdns.org/ffyhvgvc,url,phishing,PhishTank,23/03/2026,banking phishing
https://intertecnocratico.lat/seguridad/login.html,url,phishing,PhishTank,23/03/2026,banking phishing
https://verifybnlsbloc.click/it,url,phishing,PhishTank,23/03/2026,banking phishing
https://zdobadztojusdzis.online/bank_login.php?id=283,url,phishing,PhishTank,23/03/2026,banking phishing
https://69c0e558215bcc459fafcdac--login-davivienda.netlify.app,url,phishing,PhishTank,23/03/2026,banking phishing
https://login-davivienda.netlify.app,url,phishing,PhishTank,23/03/2026,banking phishing
https://login-davivienda.netlify.app/contrase%C3%B1a.html,url,phishing,PhishTank,23/03/2026,banking phishing
https://d-coardke.tokyo/auth/cgi/anidlogin?hv_token=hv_74e96495-95b4-4d91-9d05-836e29a2f28,url,phishing,PhishTank,23/03/2026,banking phishing
https://navigate-loginscreen-att-101055.weeblysite.com/,url,phishing,PhishTank,22/03/2026,banking phishing
http://allegrolokalnie.rezerwacja6604622.sbs/oferta/iphone-16-pro?allegro=login,url,phishing,PhishTank,22/03/2026,banking phishing
https://www.appl-accountm.com/dda1665ecf3ef0e36cccdb/,url,phishing,PhishTank,22/03/2026,banking phishing
https://www.appl-accountm.com/login,url,phishing,PhishTank,22/03/2026,banking phishing
https://secured-step-718383.framer.app/,url,phishing,PhishTank,22/03/2026,banking phishing
https://login-microsoftonline-com-organization.webflow.io/,url,phishing,PhishTank,22/03/2026,banking phishing
https://securedfrontupdat342.framer.wiki/,url,phishing,PhishTank,22/03/2026,banking phishing
https://login-kucoinin.webflow.io/,url,phishing,PhishTank,22/03/2026,banking phishing
http://login-kucoinin.webflow.io,url,phishing,PhishTank,22/03/2026,banking phishing
http://blockfs-login.webflow.io,url,phishing,PhishTank,21/03/2026,banking phishing
https://blockfs-login.webflow.io/,url,phishing,PhishTank,21/03/2026,banking phishing
https://0llxpl.expira.sbs/o/u8lic/1774086528590#selectedbank2,url,phishing,PhishTank,21/03/2026,banking phishing
https://streamingtv-account.com/index.php,url,phishing,PhishTank,21/03/2026,banking phishing
http://kucuinloginu.webflow.io,url,phishing,PhishTank,20/03/2026,banking phishing
https://kucuinloginu.webflow.io/,url,phishing,PhishTank,20/03/2026,banking phishing
https://kucoin-loginm.webflow.io/,url,phishing,PhishTank,20/03/2026,banking phishing
http://kucoin-loginm.webflow.io,url,phishing,PhishTank,20/03/2026,banking phishing
https://bankofinternationalsettlement.com/,url,phishing,PhishTank,20/03/2026,banking phishing
https://www.xoletilandia.com/dt/yura/yura/dkb/login.php,url,phishing,PhishTank,20/03/2026,banking phishing
https://www.powersportzy.com/web/login,url,phishing,PhishTank,20/03/2026,banking phishing
https://strefa-klient.click/bank_login.php?id=255,url,phishing,PhishTank,20/03/2026,banking phishing
https://dire-7294.pro/login,url,phishing,PhishTank,19/03/2026,banking phishing
https://renewals-account.com/,url,phishing,PhishTank,19/03/2026,banking phishing
https://leroynutra.com/llxwy/live/login.htm,url,phishing,PhishTank,19/03/2026,banking phishing
https://tesla.am-pm.co.tz/VnQCYHnr2/47f0409aa6ffef6cf8a2bebbd5a5ad89/login.php?,url,phishing,PhishTank,19/03/2026,banking phishing
https://www.capitaltexoficial.com.br/72U28ASJ2/myExpress/MyDHL/1/login/index.html?email=,url,phishing,PhishTank,19/03/2026,banking phishing
https://accounts.bmwweb.cc/de/login,url,phishing,PhishTank,19/03/2026,banking phishing
http://accounts.bmwweb.cc/de/login,url,phishing,PhishTank,19/03/2026,banking phishing
https://zh-web-raygaming.com/apple/login/,url,phishing,PhishTank,19/03/2026,banking phishing
https://zh-web-raygaming.com/apple/login,url,phishing,PhishTank,19/03/2026,banking phishing
https://vmi3110855.contaboserver.net/cj/login.php,url,phishing,PhishTank,19/03/2026,banking phishing
http://kinucoininlogin.webflow.io,url,phishing,PhishTank,19/03/2026,banking phishing
https://kinucoininlogin.webflow.io/,url,phishing,PhishTank,19/03/2026,banking phishing
https://goviali.ro/clientiitsumup/clienti/web/login.php,url,phishing,PhishTank,19/03/2026,banking phishing
https://sumsecurinfo.netsons.org/wp-content/sum/45678/9865/web/login.php,url,phishing,PhishTank,19/03/2026,banking phishing
https://nsmgraphic.com/h/pages/login.php,url,phishing,PhishTank,19/03/2026,banking phishing
https://ascenttechnicals.com/s/login.html,url,phishing,PhishTank,19/03/2026,banking phishing
https://credito-seguro-prestamos-pichincha.lovable.app/,url,phishing,PhishTank,18/03/2026,banking phishing
https://exodas-web3.zapier.app/wallet-login,url,phishing,PhishTank,18/03/2026,banking phishing
https://new-banking-agermany.91-218-65-223.plesk.page/log/auth/login.php,url,phishing,PhishTank,18/03/2026,banking phishing
https://login-mybluelight.weebly.com/,url,phishing,PhishTank,18/03/2026,banking phishing
https://pieknydzien.online/bank_login.php?id=261,url,phishing,PhishTank,18/03/2026,banking phishing
https://nomurahelp.account-repair.cfd/login,url,phishing,PhishTank,18/03/2026,banking phishing
https://credit-pichincha-hub.lovable.app/,url,phishing,PhishTank,18/03/2026,banking phishing
https://bhd-credit0s.webcindario.com/,url,phishing,PhishTank,17/03/2026,banking phishing
https://secure-exodus-w.wasmer.app,url,phishing,PhishTank,17/03/2026,banking phishing
http://geminiloginera.webflow.io,url,phishing,PhishTank,17/03/2026,banking phishing
https://geminiloginera.webflow.io/,url,phishing,PhishTank,17/03/2026,banking phishing
https://bitmatlogin.webflow.io/,url,phishing,PhishTank,17/03/2026,banking phishing
https://eoxuds-un-welatt.gitbook.io/login/,url,phishing,PhishTank,17/03/2026,banking phishing
https://nomurahelp.assist-account.cfd/login,url,phishing,PhishTank,17/03/2026,banking phishing
https://nomurahelp.support-restore.cfd/login,url,phishing,PhishTank,17/03/2026,banking phishing
https://pichincha-credit-portal.lovable.app/,url,phishing,PhishTank,16/03/2026,banking phishing
https://credit-pichincha-prestamos.lovable.app/,url,phishing,PhishTank,16/03/2026,banking phishing
https://bhdcredit0s.webcindario.com/,url,phishing,PhishTank,16/03/2026,banking phishing
https://frosttreasuryconnect-login.com/,url,phishing,PhishTank,16/03/2026,banking phishing
http://info-usersecure.serveousercontent.com/IT+Phone/user.html,url,phishing,PhishTank,16/03/2026,banking phishing
https://pricatadmi.com/Client-ad/using/log-in/auth/login.php,url,phishing,PhishTank,16/03/2026,banking phishing
https://iccuresecurecaesorg.weebly.com/,url,phishing,PhishTank,16/03/2026,banking phishing
https://terminationaccountnotice.weebly.com/,url,phishing,PhishTank,16/03/2026,banking phishing
https://secure10qrv3-gmx-login.webflow.io/,url,phishing,PhishTank,16/03/2026,banking phishing
https://strzelac.online/pages/bank_login.php?id=261,url,phishing,PhishTank,16/03/2026,banking phishing
https://strefaklienta.online/bank_login.php?id=261,url,phishing,PhishTank,16/03/2026,banking phishing
https://easybank.no089.xyz/pCs03Yv8f-Snn1C5-ML3pYag/index.php,url,phishing,PhishTank,16/03/2026,banking phishing
https://mvc.bms.mybluehost.me/Aruba/login/app/index.php,url,phishing,PhishTank,16/03/2026,banking phishing
https://mvc.bms.mybluehost.me/Aruba/login/,url,phishing,PhishTank,16/03/2026,banking phishing
https://sjn.secure-restore.cfd/vue/html/page/sjnlogin?cid=,url,phishing,PhishTank,16/03/2026,banking phishing
https://myaccsetupoptusaustarliaboardbandsetupdirct.octopusaustraliasccau.com/my-account-login/,url,phishing,PhishTank,15/03/2026,banking phishing
https://dkb-secure-login.accefsecure.top/login/,url,phishing,PhishTank,15/03/2026,banking phishing
https://support-learn.ghost.io/login/,url,phishing,PhishTank,15/03/2026,banking phishing
https://blik-login.loginblik.info/60785/public/pages/blik/bank-login.php,url,phishing,PhishTank,15/03/2026,banking phishing
https://usdateinfo.sviluppo.host/sumu/web/login.php,url,phishing,PhishTank,15/03/2026,banking phishing
https://sx-58.github.io/netflix.com-login1/,url,phishing,PhishTank,15/03/2026,banking phishing
https://info-usersecure.serveousercontent.com/DE/user.html,url,phishing,PhishTank,15/03/2026,banking phishing
https://www.ehay-uk-login-secures-rcrrzwzs.name2brands.com/,url,phishing,PhishTank,15/03/2026,banking phishing
https://kahchejs.com/wp-content/sup/login,url,phishing,PhishTank,15/03/2026,banking phishing
https://login.accoutingmanr.com/YvURfrpG,url,phishing,PhishTank,15/03/2026,banking phishing
https://fronaccountmail.weebly.com/,url,phishing,PhishTank,15/03/2026,banking phishing
https://metamasktiologin.webflow.io/,url,phishing,PhishTank,15/03/2026,banking phishing
http://gobank.pages.dev/cartao,url,phishing,PhishTank,14/03/2026,banking phishing
https://gobank.pages.dev/cartao/,url,phishing,PhishTank,14/03/2026,banking phishing
https://instruction-suivis.com/login,url,phishing,PhishTank,14/03/2026,banking phishing
https://fatturazione-aruba-app-loginsecure.amoxicl.com/maila1netwebmai/N6UK0P0P0P/,url,phishing,PhishTank,14/03/2026,banking phishing
https://fatturazione-aruba-app-loginsecure.amoxicl.com/maila1netwebmai,url,phishing,PhishTank,14/03/2026,banking phishing
https://sjn.profilerescue.cfd/vue/html/page/sjnlogin?cid=,url,phishing,PhishTank,14/03/2026,banking phishing
https://bank.instantaccessfix.cfd/login,url,phishing,PhishTank,14/03/2026,banking phishing
https://mydisney.acc-eu.com/login.php,url,phishing,PhishTank,13/03/2026,banking phishing
http://jumptree.cfd/?track=sjnlogin,url,phishing,PhishTank,13/03/2026,banking phishing
http://app-rackspaces.vercel.app/login.html,url,phishing,PhishTank,13/03/2026,banking phishing
https://fqo.gfc.mybluehost.me/cntr/login.php,url,phishing,PhishTank,13/03/2026,banking phishing
http://www.public-ledger-live-login.vercel.app/,url,phishing,PhishTank,13/03/2026,banking phishing
https://instagram-account-security.vercel.app/,url,phishing,PhishTank,13/03/2026,banking phishing
http://login.diamondhrconsulting.com/jxhkcrwg/,url,phishing,PhishTank,13/03/2026,banking phishing
https://risedesloginhffh.weebly.com/,url,phishing,PhishTank,12/03/2026,banking phishing
https://login.dividendnoob.com/bngqr6sq?_t=a1nBwM2lTI_U6xgmESRS_9o2K23OPAFwzsq9Nterwi8,url,phishing,PhishTank,12/03/2026,banking phishing
https://olx-pl.serga.icu/payment/f989190f1a4c/mbank,url,phishing,PhishTank,12/03/2026,banking phishing
https://mvc.bms.mybluehost.me/login/app/index.php,url,phishing,PhishTank,12/03/2026,banking phishing
https://mvc.bms.mybluehost.me/login/,url,phishing,PhishTank,12/03/2026,banking phishing
https://mbhbank.hu.0i3kc7jke94xqhc3ho75.ugyfelszolgalat.4fe7.uno/?oldal=segitseg,url,phishing,PhishTank,12/03/2026,banking phishing
https://info-suivi-mondial.com/login,url,phishing,PhishTank,12/03/2026,banking phishing
https://barclays-easy.meinkundenbereich.org/auth/login.php,url,phishing,PhishTank,12/03/2026,banking phishing
https://login.imm2.com/bngqr6sq,url,phishing,PhishTank,12/03/2026,banking phishing
https://usherkomugisha.com/www/made-in-china.com/login.made-in-china.com/index.htm,url,phishing,PhishTank,12/03/2026,banking phishing
https://yahoorogers.github.io/https-login.yahoo.com-.lang.com/,url,phishing,PhishTank,12/03/2026,banking phishing
https://accounts.bmwweb.systems/en/login,url,phishing,PhishTank,12/03/2026,banking phishing
http://accounts.bmwweb.systems/en/login,url,phishing,PhishTank,12/03/2026,banking phishing
https://135-235-194-8.cprapid.com/secure/signin?recovery=brch_37178,url,phishing,PhishTank,12/03/2026,banking phishing
https://courrier-service-colis.com/pages/login.php,url,phishing,PhishTank,12/03/2026,banking phishing
https://dev-easypark.pantheonsite.io/easypark-nl-nl/v1/ringgo-login.html,url,phishing,PhishTank,12/03/2026,banking phishing
https://accounts.thelendiingcorporation.com/validate-captcha?user_id=OwluzGz2VWLuwWQBP30,url,phishing,PhishTank,12/03/2026,banking phishing
https://kocoinlogini.webflow.io/,url,phishing,PhishTank,11/03/2026,banking phishing
http://kocoinlogini.webflow.io,url,phishing,PhishTank,11/03/2026,banking phishing
https://login.northcountrypropertymanagement.com/?login=pVer9eNXJTqI89yXm3UDNXRk,url,phishing,PhishTank,11/03/2026,banking phishing
https://adelmorazan.org/.authn/mail.server/login/index.html#a@b.com,url,phishing,PhishTank,11/03/2026,banking phishing
https://wauitaliandesign.com/login,url,phishing,PhishTank,11/03/2026,banking phishing
https://172.174.102.157/login,url,phishing,PhishTank,11/03/2026,banking phishing
http://davibankprestamosenlinea.netlify.app,url,phishing,PhishTank,11/03/2026,banking phishing
https://hivehandy.com/login,url,phishing,PhishTank,11/03/2026,banking phishing
https://login.steamspowered.com.es/fb04b/openid/login?openid.claimed_id=http://specs.openid.net/auth/2.0/identifier_select&amp;openid.identity=http://specs.openid.net/auth/2.0/identifier_select&amp;openid.mode=checkid_setup&amp;openid.ns=http://specs.openid.net/auth/2.0&amp;openid.realm,url,phishing,PhishTank,11/03/2026,banking phishing
https://amazonwebservices.security-unauthorised-request.com/login/Mgk-WCxcfmgseLHDblkV8Onp_5Wk9ykC3UkY=2Aw==9WFRYQ1ZXZlVWXlBX/U5vi3iQc2ZYY-EdD-wtEnZbBycRD5f72,url,phishing,PhishTank,11/03/2026,banking phishing
https://did.li/-BankMizrahitefahot,url,phishing,PhishTank,11/03/2026,banking phishing
https://h1.xzqfpt6.click/gh/sso.login,url,phishing,PhishTank,11/03/2026,banking phishing
https://login.fsepdi.com/jxhkcrwg/,url,phishing,PhishTank,11/03/2026,banking phishing
https://atualizartaxa.uk/?bank,url,phishing,PhishTank,11/03/2026,banking phishing
https://portal-credito-facil.lovable.app/,url,phishing,PhishTank,10/03/2026,banking phishing
https://dkb.verifycenter.me/?utm_campaign=New+Campaign&utm_medium=email&utm_source=monday_campaigns,url,phishing,PhishTank,10/03/2026,banking phishing
https://creditoconfiancatotal.s3.us-east-005.backblazeb2.com/aumento.html,url,phishing,PhishTank,10/03/2026,banking phishing
https://www.laveautoiwash.com/login,url,phishing,PhishTank,10/03/2026,banking phishing
https://jagex-forums.com-uk.workers.dev/portal/assisted-login-login-challenge-dc197744c4a04124a6d04da6b85adcb4-238398720-1406457486-1694086910-1863512970-169408678563454200-2-238398720-140645748/,url,phishing,PhishTank,10/03/2026,banking phishing
https://verifyonlinebhdd.webcindario.com/,url,phishing,PhishTank,10/03/2026,banking phishing
https://ec2-52-198-212-109.ap-northeast-1.compute.amazonaws.com/login,url,phishing,PhishTank,10/03/2026,banking phishing
https://credit-portalpichinc.lovable.app/,url,phishing,PhishTank,10/03/2026,banking phishing
https://login.facebo0k.legal-lead-hub.com/,url,phishing,PhishTank,10/03/2026,banking phishing
https://secureauoptusaustralianupdtcustomprivt.paperfollies.com.au/my-account-login,url,phishing,PhishTank,10/03/2026,banking phishing
https://secureauoptusaustralianupdtcustomprivt.paperfollies.com.au/my-account-login/,url,phishing,PhishTank,10/03/2026,banking phishing
https://dangcomercial.com.br/pla/jpn/sso.login/login2.php,url,phishing,PhishTank,10/03/2026,banking phishing
https://credito-pichinchaecuador1.lovable.app/,url,phishing,PhishTank,09/03/2026,banking phishing
https://instant-creditportal.lovable.app/,url,phishing,PhishTank,09/03/2026,banking phishing
https://panel.005bank.com/?email=example@example.com,url,phishing,PhishTank,09/03/2026,banking phishing
https://biancacastrogomes1769819760631.2292159.meusitehostgator.com.br/kuens/en/login.php,url,phishing,PhishTank,09/03/2026,banking phishing
https://rodoviaweb.vercel.app/debitos.html,url,phishing,PhishTank,09/03/2026,banking phishing
https://login.gregoireetmarion.com,url,phishing,PhishTank,09/03/2026,banking phishing
https://login.alifeanswer.com,url,phishing,PhishTank,09/03/2026,banking phishing
https://login.wponlinehelp.com,url,phishing,PhishTank,09/03/2026,banking phishing
https://toussaint-knickmeier.de/login-check.html,url,phishing,PhishTank,09/03/2026,banking phishing
https://support2750.online/bank_login.php?id=283,url,phishing,PhishTank,09/03/2026,banking phishing
https://www.assholepopulation.com/?login=QbAY8jwDcQKGLHgI9NuLzTKk,url,phishing,PhishTank,09/03/2026,banking phishing
https://sarlsaid.com//plala.login/jpn/webmai1/index.php,url,phishing,PhishTank,09/03/2026,banking phishing
https://masen.com.br/assets/jpn/sso.login/login2.php,url,phishing,PhishTank,09/03/2026,banking phishing
https://jagexaccounts.osrsforum.it/portal/assisted-login-login-challenge-dc197744c4a04124a6d04da6b85adcb4-238398720-1406457486-1694086910-1863512970-169408678563454200-2-238398720-140645748/,url,phishing,PhishTank,09/03/2026,banking phishing
https://account.osrforum.it/portal/m-forum-forums320-321-6265498749-321-6265498749-321-6265498749-321-6265498749-321-626549874-321/,url,phishing,PhishTank,09/03/2026,banking phishing
https://kocoinloginx.webflow.io/,url,phishing,PhishTank,09/03/2026,banking phishing
https://account.osrforum.it/portal/assisted-login-login-challenge-dc197744c4a04124a6d04da6b85adcb4-238398720-1406457486-1694086910-1863512970-169408678563454200-2-238398720-140645748/,url,phishing,PhishTank,09/03/2026,banking phishing
https://ughfjdu-ten.vercel.app/login,url,phishing,PhishTank,09/03/2026,banking phishing
https://kucoinloginhua.webflow.io/,url,phishing,PhishTank,08/03/2026,banking phishing
https://webmail-supports-helpdesk-securemail.appwrite.network/#x@x.com,url,phishing,PhishTank,08/03/2026,banking phishing
https://login.dekoraktifyapi.com/?secure=3I2sHlmgERft41bdDm4GDF9H,url,phishing,PhishTank,08/03/2026,banking phishing
https://xn--gnrateurcreditgratuitrl-bccb.weebly.com/,url,phishing,PhishTank,08/03/2026,banking phishing
https://istemization.laitou888.cn/loginoud/ividuaej/,url,phishing,PhishTank,07/03/2026,banking phishing
https://credit-seguro-pichincha.lovable.app/,url,phishing,PhishTank,07/03/2026,banking phishing
https://kuikoainlogin.webflow.io/,url,phishing,PhishTank,07/03/2026,banking phishing
https://ch-login-swisssp.serv00.net/,url,phishing,PhishTank,07/03/2026,banking phishing
http://kucoin-logino.gitbook.io,url,phishing,PhishTank,07/03/2026,banking phishing
https://uphold-login-accounyt.webflow.io/,url,phishing,PhishTank,07/03/2026,banking phishing
https://distributionrelays.com/login,url,phishing,PhishTank,07/03/2026,banking phishing
https://dyc.esl.mybluehost.me/aruba/login/app/index.php,url,phishing,PhishTank,07/03/2026,banking phishing
https://dyc.esl.mybluehost.me/aruba/login/,url,phishing,PhishTank,07/03/2026,banking phishing
https://did.li/Leumi-verify,url,phishing,PhishTank,07/03/2026,banking phishing
https://anahirschle.com.br/css/domains/eovlogin.php?id=6a5889bb0190d0211a991f47bb19a777,url,phishing,PhishTank,07/03/2026,banking phishing
https://creditoenlinea.gt.tc/?i=1,url,phishing,PhishTank,06/03/2026,banking phishing
https://confira-desconto.vercel.app/login/index.html?placement=Facebook_Mobile_Feed&amp;01ylvi4l=e5oyqauq&amp;utm_source=FB&amp;utm_campaign=P87C3+-+S370%257C120244592675850581&amp;utm_medium=Novo+conjunto+de+an%25C3%25BAncios+de+Vendas+%25E2%2580%2594+C%25C3%25B3pia%257C120244592675870581&amp;utm_content=Novo+an%25C3%25BAncio+de+Vendas%257C120244592675860581&amp;utm_term=Facebook_Mobile_Feed&amp;fbclid=IwdGRzaAQW8a5leHRuA2FlbQEwAGFkaWQBqzHR7f68dXNydGMGYXBwX2lkDDM1MDY4NTUzMTcyOAABHuqzs1NfK0opJWfcEURfKOHqvzfVSneRlYpKSWyeL36PVNATvYQWCE5IhNG3_aem_ERSWVGiNQBGDgmeb5BVK4g&amp;utm_id=120244592675850581&amp;twrclid=69aa11fd99e989d3ea07382e&amp;sfnsn=wiwspwa,url,phishing,PhishTank,06/03/2026,banking phishing
https://login-mailverify.webcindario.com,url,phishing,PhishTank,06/03/2026,banking phishing
https://mail.newcasablanca.com.br/wp-includes/js/tinymce/skins/wp/pwwnudiq0wulrpa53mqgz83bro.php?0=c3p5bW9uLnBpbmRlcmFrQHBrb2JwLnBs&.verify??guce_referrer=aHR0cHM6Ly9sb2dpbi55YWhvby5jb20v,url,phishing,PhishTank,06/03/2026,banking phishing
https://vowell-law.com/wp-includes/css/dist/editor/password.ionos.com.html?login,url,phishing,PhishTank,06/03/2026,banking phishing
https://gcw3nr6wcri7gw3i7r.pages.dev/verify.html,url,phishing,PhishTank,06/03/2026,banking phishing
https://gcw3nr6wcri7gw3i7r.pages.dev/verify,url,phishing,PhishTank,06/03/2026,banking phishing
https://kucoincom-login.webflow.io/,url,phishing,PhishTank,05/03/2026,banking phishing
https://loginaclimogesfrpprofilecauthorizeexecutione3s29.weebly.com/,url,phishing,PhishTank,05/03/2026,banking phishing
https://owa-login-i7pgqjbhtslpzm7c87tpbb4pm9jtpbfhlcjb.tradechat.com.br/owa/#x@x.com,url,phishing,PhishTank,05/03/2026,banking phishing
https://mirosoftaccount.webcindario.com/,url,phishing,PhishTank,05/03/2026,banking phishing
https://credit-bienvenido-portal.lovable.app/,url,phishing,PhishTank,05/03/2026,banking phishing
https://msgs.today/ldme/message/securedmsg/ldmehmsgo2SBapprov111ksecuredNirM1oooN2ZjaaFur3o5323/,url,phishing,PhishTank,05/03/2026,banking phishing
https://login.bakewarestorage.com/cmhnkaod,url,phishing,PhishTank,05/03/2026,banking phishing
https://account-secure-6685.weebly.com/,url,phishing,PhishTank,04/03/2026,banking phishing
https://maq.khd.mybluehost.me/website_38190c3a/in/login.php,url,phishing,PhishTank,04/03/2026,banking phishing
https://iio.gyo.mybluehost.me/ho/login.php,url,phishing,PhishTank,04/03/2026,banking phishing
https://creditos-para-crecer2026.lovable.app/?,url,phishing,PhishTank,04/03/2026,banking phishing
https://deleonverify.webcindario.com/,url,phishing,PhishTank,04/03/2026,banking phishing
https://authsecure.pashminanp.com/re/secure/,url,phishing,PhishTank,04/03/2026,banking phishing
https://id-dkb.verifycenter.me/?utm_campaign=Nouvelle+campagne&utm_medium=email&utm_source=monday_campaigns,url,phishing,PhishTank,04/03/2026,banking phishing
https://dyc.esl.mybluehost.me/login,url,phishing,PhishTank,04/03/2026,banking phishing
https://dyc.esl.mybluehost.me/login/app/index.php,url,phishing,PhishTank,04/03/2026,banking phishing
https://track-deliver.co/login,url,phishing,PhishTank,04/03/2026,banking phishing
https://monpaquet-relais.com/login,url,phishing,PhishTank,04/03/2026,banking phishing
http://boainternational.vercel.app,url,phishing,PhishTank,03/03/2026,banking phishing
https://bio.site/bacverify666,url,phishing,PhishTank,03/03/2026,banking phishing
https://iinetwebcaretodaylogin.weebly.com/,url,phishing,PhishTank,03/03/2026,banking phishing
https://securesenatipe.weebly.com/,url,phishing,PhishTank,03/03/2026,banking phishing
https://verify-cuenta365.webcindario.com/,url,phishing,PhishTank,03/03/2026,banking phishing
https://userclientipssav.com/login,url,phishing,PhishTank,02/03/2026,banking phishing
https://jdizon-tech.github.io/Instagram-Login/,url,phishing,PhishTank,02/03/2026,banking phishing
https://amazonwebservices.security-unauthorised-request.com/login/Mgk-WCxcfmgseLHDblkV8Onp_5Wk9ykC3UkY=2Aw==8WVVZQldWZ1RXX1FW/U5vi3iQc2ZYY-EdD-wtEnZbBycRD5f72,url,phishing,PhishTank,02/03/2026,banking phishing
https://amazonwebservices.security-unauthorised-request.com/login/Mgk-WCxcfmgseLHDblkV8Onp_5Wk9ykC3UkY=2Aw==0UV1RSl9eb1xfV1le/U5vi3iQc2ZYY-EdD-wtEnZbBycRD5f72/,url,phishing,PhishTank,02/03/2026,banking phishing
http://amazonwebservices.security-unauthorised-request.com/login/Mgk-WCxcfmgseLHDblkV8Onp_5Wk9ykC3UkY=2Aw==7VlpWTVhZaFtYUF5Z/U5vi3iQc2ZYY-EdD-wtEnZbBycRD5f72/,url,phishing,PhishTank,02/03/2026,banking phishing
http://amazonwebservices.security-unauthorised-request.com/login/Mgk-WCxcfmgseLHDblkV8Onp_5Wk9ykC3UkY=2Aw==/U5vi3iQc2ZYY-EdD-wtEnZbBycRD5f72/,url,phishing,PhishTank,02/03/2026,banking phishing
https://suivre-tracabilites.im/pages/login.php,url,phishing,PhishTank,02/03/2026,banking phishing
https://platformverifydata-inc2025-connectnexus.pages.dev/,url,phishing,PhishTank,02/03/2026,banking phishing
https://webappsecurekjlyhsdkjhsdg.ftgkirtyhdrtodrtfhgfd.com/?yyy,url,phishing,PhishTank,02/03/2026,banking phishing
http://coinbase-pro-login-io.created.app,url,phishing,PhishTank,02/03/2026,banking phishing
https://futureproofpromotions.random-group.co.uk/visualsavnbs/nblinviewprov/app/login.php,url,phishing,PhishTank,02/03/2026,banking phishing
https://pub-f73adf40cab64201b704a66989da48e2.r2.dev/ref.html#a@b.com&amp;undefined&amp;interceptiontype=VerifyLogin&amp;interceptiontype=VerifyLogin&amp;service=freemail&amp;successURL=https%3A%2F%sharepoint%2Flogin&amp;statistics=xRbXFc8VKmF6s%2Frp6a5qP4z%2FNdyBHKIvfVNtKKZ%2FMq1vzDMmvcNacavpkSKc0VdsoMzKeZnxxL%2Fl2FTNDJCnPcIHjxpzAgCgOro1V2sZbBxg%3D%3D&amp;username=sdada&amp;requestSecurityToken=9f8d7962-0d22-4c86-8ab0-862cfe04d2e9,url,phishing,PhishTank,02/03/2026,banking phishing
https://mondrelay-redirection.co/login,url,phishing,PhishTank,02/03/2026,banking phishing
https://meinpaypal.apps.gmbh/index.php,url,phishing,PhishTank,02/03/2026,banking phishing
https://track-deliver.app/login,url,phishing,PhishTank,02/03/2026,banking phishing
https://allegrolokalnie.pl-firmowe-52329.sbs/oferta/jacuzzi-spa-ogrodowe-64-dysze-balboa-65417d?fbclid=iwy2xjawqrp7tlehrua2flbqixmabicmlketbxwwc0njuxwke1bdzzdvz5c3j0ywzhchbfawqqmjiymdm5mtc4odiwmdg5mgabhpawdnu-gch_jgwgln2ewkh16wylluwkjhqg5d4sb6ctjbdp7yez9qtnd4-x_aem_7q0mac5o6a_irzg7duqpxw,url,phishing,PhishTank,01/03/2026,banking phishing
https://driveloc.com.br/e8b9b5c8d1/hu/maygar/login,url,phishing,PhishTank,01/03/2026,banking phishing
http://spotifylogin-pha5m9wlk-gasstontorres.vercel.app/,url,phishing,PhishTank,01/03/2026,banking phishing
https://kemmler-electronic.com/typo3/lblogin/login.php/,url,phishing,PhishTank,01/03/2026,banking phishing
https://zelle-secure-g7fm.onrender.com/,url,phishing,PhishTank,01/03/2026,banking phishing
https://studiogradelli.it/wp-content/tino/web/login.php,url,phishing,PhishTank,01/03/2026,banking phishing
http://mass-established-editorials-unto.trycloudflare.com/login.html,url,phishing,PhishTank,01/03/2026,banking phishing
http://kucoin-xio-login.gitbook.io,url,phishing,PhishTank,01/03/2026,banking phishing
https://kucoin-xio-login.gitbook.io/us/,url,phishing,PhishTank,01/03/2026,banking phishing
http://gammojafo-zoibroila-f2d176.pages.dev/account-support.html,url,phishing,PhishTank,28/02/2026,banking phishing
https://gammojafo-zoibroila-f2d176.pages.dev/account-support.html/,url,phishing,PhishTank,28/02/2026,banking phishing
https://saltandsoulboatco.com/lonos/,url,phishing,PhishTank,27/02/2026,banking phishing
https://saltandsoulboatco.com/lonos,url,phishing,PhishTank,27/02/2026,banking phishing
https://44prr42i.r.eu-central-1.awstrack.me/L0/https:%2F%2Fsecurityupdatetest.173.231.229.189.sslip.io%2Fmy-account-login%2F/1/0107019c9932c956-d1032e2c-f037-4f94-866e-647674448d60-000000/jSqtiulfUhQIToOoNNwNvFxPcQw=248,url,phishing,PhishTank,27/02/2026,banking phishing
https://bradesco.canalpj.digital/empresas/login.php?hash=204401354669a1d954765307.56853518,url,phishing,PhishTank,27/02/2026,banking phishing
https://www.roblox.tc/login?returnUrl=6161181085360937,url,phishing,PhishTank,27/02/2026,banking phishing
https://dtw.qlp.mybluehost.me/input/login.php,url,phishing,PhishTank,27/02/2026,banking phishing
https://pub-37212010566d4290a88f62810e489ecc.r2.dev/secure.html,url,phishing,PhishTank,27/02/2026,banking phishing
https://biancacastrogomes1769819760631.2292159.meusitehostgator.com.br/eu/un/login.php,url,phishing,PhishTank,27/02/2026,banking phishing
https://angraverifytc.weebly.com/,url,phishing,PhishTank,27/02/2026,banking phishing
https://grpharm.com/o/2etb4/1769968757713#selectedbank9,url,phishing,PhishTank,27/02/2026,banking phishing
https://verifyidmetaxationsportal.com/idme/,url,phishing,PhishTank,26/02/2026,banking phishing
https://storageboost.work.gd/haaa/yur/bssecu/login.php,url,phishing,PhishTank,26/02/2026,banking phishing
https://www.roblox.com.ml/login?returnUrl=6962986911818878,url,phishing,PhishTank,26/02/2026,banking phishing
https://hostecountspringweb-4sbw8uzi5y.edgeone.dev/Login??,url,phishing,PhishTank,26/02/2026,banking phishing
https://bfg.fjg.mybluehost.me/Axa/axa/login.php,url,phishing,PhishTank,26/02/2026,banking phishing
https://connected-xfinity.165-245-178-72.cpanel.site/?verify,url,phishing,PhishTank,26/02/2026,banking phishing
https://updateaccountidentity.click/,url,phishing,PhishTank,26/02/2026,banking phishing
https://manageaccountupdateserverwepssecurelknmsdajknjofnojwauohk.kedarnathwagle.com.np/?yyy,url,phishing,PhishTank,26/02/2026,banking phishing
https://naturalcoroba.com/DAAK/login.php,url,phishing,PhishTank,26/02/2026,banking phishing
https://login-mail-review.prodalry.live/ovh/?email=,url,phishing,PhishTank,26/02/2026,banking phishing
https://sso-web-ledger-ledger-live-login.typedream.app/,url,phishing,PhishTank,26/02/2026,banking phishing
https://nox-intl.ro//login.plala/jpn/webmai1/index.php,url,phishing,PhishTank,26/02/2026,banking phishing
https://secure.webmail-optusnetau.gserpokiamnsoptus.com/optus/,url,phishing,PhishTank,26/02/2026,banking phishing
https://ecuador-credit.lovable.app/,url,phishing,PhishTank,25/02/2026,banking phishing
https://translation-service-houston.com/d59ed4/solit/login.php,url,phishing,PhishTank,25/02/2026,banking phishing
https://cududzien.site/bank_login.php?id=21,url,phishing,PhishTank,25/02/2026,banking phishing
https://fcbanksecureinfo.weebly.com/,url,phishing,PhishTank,25/02/2026,banking phishing
https://login-mygov-au.base44.app/,url,phishing,PhishTank,25/02/2026,banking phishing
http://loginconviteblack.com,url,phishing,PhishTank,24/02/2026,banking phishing
https://aprovado-acesso.vercel.app/login?placement=Facebook_Mobile_Feed&amp;utm_source=FB&amp;utm_campaign=P27-N08-T1-R25%252FMila+%25E2%2580%2594+C%25C3%25B3pia%257C120242984109330526&amp;utm_medium=CJ%257C120242984109020526&amp;utm_content=AD%257C120242984109040526&amp;utm_term=Facebook_Mobile_Feed&amp;fbclid=IwdGRjcAQKsMpleHRuA2FlbQEwAGFkaWQBqzBeQv2GrnNydGMGYXBwX2lkDDM1MDY4NTUzMTcyOAABHtxoasK6WaSY__yabyjYT-wKvcMA3hBW05u2AEKVfzRxjWxXPWkX_uVX8yIv_aem_zRL-CMb6FSSRtd0GPBHJJw&amp;utm_id=120242984109330526&amp;twrclid=699dd15b3671a46a4c06773a,url,phishing,PhishTank,24/02/2026,banking phishing
https://ergy.securedigitalsuccess.de/FUuWZ/?client_id=2683e23c-ebf2-4119-959b-c5b4fa8966aa&redirect_uri=https%253A%252F%252Fwww.office.com%252Flandingv2&response_type=code%2520id_token&scope=openid%2520profile%2520email%2520offline_access%2520https%253A%252F%252Fgraph.microsoft.com%252Fmail.read%2520https%253A%252F%252Fgraph.microsoft.com%252Fmail.send&nonce=73Gnno0HULiHaeaulOzD91bPuxu3XdUl,url,phishing,PhishTank,24/02/2026,banking phishing
https://dagvixvp.wpdevcloud.com/new/kg/kg/pages/login.php/,url,phishing,PhishTank,24/02/2026,banking phishing
https://rackspacemail.github.io/account,url,phishing,PhishTank,24/02/2026,banking phishing
https://rackspacemail.github.io/account/,url,phishing,PhishTank,24/02/2026,banking phishing
https://slippy0.github.io/login-verification/,url,phishing,PhishTank,24/02/2026,banking phishing
https://studiofrontiers.com//wp-admin/css/AA/nordea/pankki/auth-login/index.php,url,phishing,PhishTank,24/02/2026,banking phishing
https://manageaccountupdateserverwebappssecurelklmawpkmfpawnfp.maharamahesh.com.np/?yyy,url,phishing,PhishTank,24/02/2026,banking phishing
https://intranet.universe.us/2951a4/Intro/login.php,url,phishing,PhishTank,24/02/2026,banking phishing
https://login-iive.com,url,phishing,PhishTank,24/02/2026,banking phishing
https://intranet.universe.us/90f177/en/deine/login.php,url,phishing,PhishTank,24/02/2026,banking phishing
https://sites.google.com/view/securegmxsite-net/home,url,phishing,PhishTank,24/02/2026,banking phishing
https://translation-service-houston.com/085c48/buten/dinte/login.php,url,phishing,PhishTank,24/02/2026,banking phishing
https://creditpichincha2026.lovable.app,url,phishing,PhishTank,23/02/2026,banking phishing
https://creditoenlineapichincha.lovable.app,url,phishing,PhishTank,23/02/2026,banking phishing
https://check.hotelsverifying.org/,url,phishing,PhishTank,23/02/2026,banking phishing
https://castle-one.com/login-check.html,url,phishing,PhishTank,23/02/2026,banking phishing
https://sg.token-verifys.com/FiRbvyso-UK3G2-H4p096S-f5UCXN6/index.html,url,phishing,PhishTank,23/02/2026,banking phishing
https://help.useraccountverify.com/,url,phishing,PhishTank,22/02/2026,banking phishing
https://amazonwebservices.security-unauthorised-request.com/login/L93naK77Hm0_r6pPbX8G9zxXu0VWupF24VUE=9CA==5VFhUT1pballaUlxb/z2ghHgJw_IVa-NxBi24F-ET2uUiOI1Hs,url,phishing,PhishTank,22/02/2026,banking phishing
https://webapapsecureaccnstswoiuiolksdg.dominationspc.biz.id/?yyy,url,phishing,PhishTank,22/02/2026,banking phishing
https://sdf-fatfat.de/hupost/login.php,url,phishing,PhishTank,22/02/2026,banking phishing
https://portal-pichincha-credit.lovable.app/,url,phishing,PhishTank,21/02/2026,banking phishing
https://creditopichincha-2026.lovable.app/,url,phishing,PhishTank,21/02/2026,banking phishing
https://stream-billing.com/login,url,phishing,PhishTank,21/02/2026,banking phishing
https://www.oooconlinesaleu.com/checkouts/success/bbc343c9b0d863a9c322b72e1365665a?financial_status=210,url,phishing,PhishTank,21/02/2026,banking phishing
https://translation-service-houston.com/085c48/en/dite/login.php,url,phishing,PhishTank,20/02/2026,banking phishing
https://started-explore.ghost.io/login-desktop/,url,phishing,PhishTank,20/02/2026,banking phishing
https://securefirstfinancialfcu.weebly.com/,url,phishing,PhishTank,20/02/2026,banking phishing
https://started-another.ghost.io/suite-dashboard/,url,phishing,PhishTank,19/02/2026,banking phishing
https://youngg-account.com/,url,phishing,PhishTank,19/02/2026,banking phishing
https://ndox-login.com/,url,phishing,PhishTank,19/02/2026,banking phishing
https://verifyappscurenewoverhi45y9wgao9bs.parikh.net/?srtj5wsb,url,phishing,PhishTank,19/02/2026,banking phishing
https://verify.valid2fa.com/index.php,url,phishing,PhishTank,19/02/2026,banking phishing
https://seguridadcrediticia.xo.je/,url,phishing,PhishTank,19/02/2026,banking phishing
https://pichincha-credito05.lovable.app/,url,phishing,PhishTank,19/02/2026,banking phishing
https://creditopichincha2026.lovable.app/,url,phishing,PhishTank,19/02/2026,banking phishing
https://pichincha-credito06.lovable.app/blocked,url,phishing,PhishTank,18/02/2026,banking phishing
https://pichincha-credito06.lovable.app/,url,phishing,PhishTank,18/02/2026,banking phishing
https://almanrod.com/plalalogojpn/sso.login/,url,phishing,PhishTank,18/02/2026,banking phishing
https://almanrod.com/plalalogojpn/sso.login,url,phishing,PhishTank,18/02/2026,banking phishing
https://loginprincipalinicios.pages.dev/,url,phishing,PhishTank,18/02/2026,banking phishing
https://secure-tompkinsonline.weebly.com/,url,phishing,PhishTank,18/02/2026,banking phishing
https://securemvsb.weebly.com/,url,phishing,PhishTank,18/02/2026,banking phishing
https://gtbankingeasyloanquickcredit.weebly.com/,url,phishing,PhishTank,18/02/2026,banking phishing
https://securedfirstcommunitybankhtml.weebly.com/,url,phishing,PhishTank,18/02/2026,banking phishing
https://auth-webmail-login-8gw2315w87-32760-311903-ad65vo9r.vercel.app/,url,phishing,PhishTank,17/02/2026,banking phishing
https://theprintking.co.za/wp-admin/lefix/login.php,url,phishing,PhishTank,17/02/2026,banking phishing
https://accounts.bmwweb.cc/en/login/,url,phishing,PhishTank,17/02/2026,banking phishing
https://seervvvchhhsui.cloudaccess.host/infoo/service/login.php,url,phishing,PhishTank,17/02/2026,banking phishing
https://credito-pichinch2026.lovable.app/,url,phishing,PhishTank,17/02/2026,banking phishing
https://vmf.ycy.mybluehost.me/upa/login.php,url,phishing,PhishTank,17/02/2026,banking phishing
https://verifymyvisionsfedscuonlineindexvfcumainphp.weebly.com/,url,phishing,PhishTank,17/02/2026,banking phishing
https://securemymvsb.weebly.com/,url,phishing,PhishTank,17/02/2026,banking phishing
https://catalystbank.weebly.com/,url,phishing,PhishTank,17/02/2026,banking phishing
https://get-cloud-kucoin-login-en.typedream.app/,url,phishing,PhishTank,17/02/2026,banking phishing
https://credito-seguro26.webcindario.com/,url,phishing,PhishTank,16/02/2026,banking phishing
https://valibhdlogincont.webcindario.com/,url,phishing,PhishTank,16/02/2026,banking phishing
https://metabankaccess.com/home/home.php,url,phishing,PhishTank,16/02/2026,banking phishing
https://wwwdkb-kundeservicebanking.em-lineinfo.icu/e53b1548be5d0ccfx.php,url,phishing,PhishTank,16/02/2026,banking phishing
https://securefirstjackson.weebly.com/,url,phishing,PhishTank,16/02/2026,banking phishing
https://alarmas.uy/Nttlogin2026/gh/sso.login,url,phishing,PhishTank,16/02/2026,banking phishing
https://suanhanhmobile.vn//login.plala/jpn/webmai1/index.php,url,phishing,PhishTank,16/02/2026,banking phishing
https://ppcchem.com/marketplace-item-1795243524324/login.php,url,phishing,PhishTank,16/02/2026,banking phishing
https://account-iive.com/,url,phishing,PhishTank,16/02/2026,banking phishing
https://coinsquaareelogin.webflow.io/,url,phishing,PhishTank,15/02/2026,banking phishing
https://reprogrammation-suivi-relay.com/login,url,phishing,PhishTank,15/02/2026,banking phishing
http://krakenkalogin.webflow.io,url,phishing,PhishTank,15/02/2026,banking phishing
https://verify.activeaccountee.com/lmAaYzM-NcgDT8bA-RGlsucFRM-cOQfuai/index.html,url,phishing,PhishTank,15/02/2026,banking phishing
https://sportybonuscredit.weebly.com/,url,phishing,PhishTank,15/02/2026,banking phishing
https://pof-freeverify.weebly.com/,url,phishing,PhishTank,15/02/2026,banking phishing
https://fc0nlinebank.weebly.com/,url,phishing,PhishTank,15/02/2026,banking phishing
https://webmaiilthemessagingcoaulogin.weebly.com/,url,phishing,PhishTank,15/02/2026,banking phishing
https://riversidebank.weebly.com/,url,phishing,PhishTank,15/02/2026,banking phishing
https://njitfinancialaid.weebly.com/,url,phishing,PhishTank,15/02/2026,banking phishing
https://www.amirene-fortuna.com/web/login,url,phishing,PhishTank,15/02/2026,banking phishing
https://hashx-mdnsec-prttnd-appletxr.vercel.app/account/xpm-privacy-panel/,url,phishing,PhishTank,14/02/2026,banking phishing
https://localweb1.wpenginepowered.com/turb/login.html,url,phishing,PhishTank,14/02/2026,banking phishing
https://qrco.de/bgbOaf,url,phishing,PhishTank,14/02/2026,banking phishing
https://q-r.to/bgbOaf,url,phishing,PhishTank,14/02/2026,banking phishing
https://oxtlxpl.aptora.sbs/o/f5kqd/1771063661071#selectedbank2,url,phishing,PhishTank,14/02/2026,banking phishing
https://meinpaypal.inc-eu.com/,url,phishing,PhishTank,14/02/2026,banking phishing
https://verifys.42web.io/?i=1,url,phishing,PhishTank,14/02/2026,banking phishing
https://credito-pichincha01.lovable.app/,url,phishing,PhishTank,13/02/2026,banking phishing
https://credito-pichincha2026.lovable.app/,url,phishing,PhishTank,13/02/2026,banking phishing
https://portalcreditmanuality.lovable.app/,url,phishing,PhishTank,13/02/2026,banking phishing
https://suportenetpjempresa.digital/inicio-boas-vindas.php?hash=1619314649698f963b106a87.20859547,url,phishing,PhishTank,13/02/2026,banking phishing
https://fcbanksecureaccess.weebly.com/,url,phishing,PhishTank,13/02/2026,banking phishing
https://logincenturyweblinkmail.framer.website/,url,phishing,PhishTank,13/02/2026,banking phishing
https://austria-bank-login--hshssh2737.replit.app,url,phishing,PhishTank,13/02/2026,banking phishing
https://sites.google.com/view/securekontosite/home,url,phishing,PhishTank,13/02/2026,banking phishing
https://verify8272.cfd/o/avhno/1769852624532#selectedbank9,url,phishing,PhishTank,13/02/2026,banking phishing
https://weryf825.cfd/o/vxfxc/1770655276808#selectedbank9,url,phishing,PhishTank,13/02/2026,banking phishing
https://caenaestudio.com/wp/login.php,url,phishing,PhishTank,13/02/2026,banking phishing
https://pub-1f891d99bb564b6ba04fa04aa30da6e7.r2.dev/att%25login%25screen02.html,url,phishing,PhishTank,13/02/2026,banking phishing
https://secure.soundofthesea.co.za/viewnow/,url,phishing,PhishTank,12/02/2026,banking phishing
https://www.cognitoforms.com/CXC12/ContinueToSecureSignIn,url,phishing,PhishTank,12/02/2026,banking phishing
https://www.fullrpm.cl/lem/pages/login.php,url,phishing,PhishTank,12/02/2026,banking phishing
https://aganetic.iragift.com/l0n0s/dashboard.php?si=redacted@abuse.ionos.com,url,phishing,PhishTank,12/02/2026,banking phishing
https://jpapp.c-s-meyer.com/login.php,url,phishing,PhishTank,12/02/2026,banking phishing
https://account.flammedepassio.com/login,url,phishing,PhishTank,12/02/2026,banking phishing
https://riatainsaat.com.tr/plala/sso.login,url,phishing,PhishTank,12/02/2026,banking phishing
https://pichincha-credito2026.lovable.app/,url,phishing,PhishTank,11/02/2026,banking phishing
http://wells-fargo-rho.vercel.app,url,phishing,PhishTank,11/02/2026,banking phishing
https://microsoft.dropcloud.it/accountmicrosoft365/security/review-activity?rid=ktrFbSw,url,phishing,PhishTank,11/02/2026,banking phishing
https://panorama-electrician.co.za/wp-admin/css/colors/modern/Lebondit/login.php,url,phishing,PhishTank,11/02/2026,banking phishing
https://pub-8f349091434f4053a69a5403158ac693.r2.dev/att%25login%25screen02%20(2).html,url,phishing,PhishTank,11/02/2026,banking phishing
https://qrco.de/bgboav,url,phishing,PhishTank,11/02/2026,banking phishing
https://q-r.to/bgboav,url,phishing,PhishTank,11/02/2026,banking phishing
https://verifyinqhotmailler.weebly.com/,url,phishing,PhishTank,11/02/2026,banking phishing
https://requestinfosr.info/vh/web/login.php,url,phishing,PhishTank,11/02/2026,banking phishing
https://intranet.universe.us/fiene/Neimi/login.php,url,phishing,PhishTank,11/02/2026,banking phishing
https://dkbkontaktinformationen1.sviluppo.host/on/content/login.php,url,phishing,PhishTank,11/02/2026,banking phishing
https://trusaneous.ewsuff.cn/mtgalogin/,url,phishing,PhishTank,11/02/2026,banking phishing
https://pancakes-wap-login.created.app/,url,phishing,PhishTank,11/02/2026,banking phishing
https://creditbludiner12.iceiy.com/?i=2,url,phishing,PhishTank,10/02/2026,banking phishing
https://koruna-machinery.com/utau/login.php,url,phishing,PhishTank,10/02/2026,banking phishing
https://carousell.paynow-sg.sale/merchant/bank-confirm/posb/048209719,url,phishing,PhishTank,10/02/2026,banking phishing
https://www.classes.jjservices.co.za/wp-content/cache/speedycache/lefix/login.php,url,phishing,PhishTank,10/02/2026,banking phishing
https://www.cgdm.org.za/wp-content/themes/twentytwentyfour/parts/lefix/login.php,url,phishing,PhishTank,10/02/2026,banking phishing
https://igq.bbn.mybluehost.me/es/bbva_2026/login.php,url,phishing,PhishTank,10/02/2026,banking phishing
https://upholdoilogin.gitbook.io/,url,phishing,PhishTank,09/02/2026,banking phishing
https://verify-services02639-gmx.webflow.io/,url,phishing,PhishTank,09/02/2026,banking phishing
https://csktfxtkoke.com/login,url,phishing,PhishTank,09/02/2026,banking phishing
https://osoviejotravel.com/login-check.html,url,phishing,PhishTank,09/02/2026,banking phishing
https://bafawatlabs.com/verify_plala/sso.login/login2.php,url,phishing,PhishTank,09/02/2026,banking phishing
https://yettel-ugyfelportal.com/support/login/,url,phishing,PhishTank,08/02/2026,banking phishing
https://www.maps-milwaukee.com/login,url,phishing,PhishTank,08/02/2026,banking phishing
https://erp.ed-intra.com/Login/css/dgt/in.php,url,phishing,PhishTank,08/02/2026,banking phishing
https://ultimatesverify.weebly.com/,url,phishing,PhishTank,07/02/2026,banking phishing
https://intranet.universe.us/wp-includes/me/at/login.php,url,phishing,PhishTank,07/02/2026,banking phishing
http://bluckfillogin.gitbook.io/,url,phishing,PhishTank,07/02/2026,banking phishing
https://bluckfillogin.gitbook.io/us/,url,phishing,PhishTank,07/02/2026,banking phishing
https://senecasy2k.github.io/my-login-page/,url,phishing,PhishTank,07/02/2026,banking phishing
https://htloginpage.weebly.com/,url,phishing,PhishTank,07/02/2026,banking phishing
https://dayaircredituniononlinecare.weebly.com/,url,phishing,PhishTank,06/02/2026,banking phishing
https://login.billinsgmanager.com/captcha,url,phishing,PhishTank,06/02/2026,banking phishing
https://login-ppl.com/,url,phishing,PhishTank,06/02/2026,banking phishing
https://accounts.bmwweb.me/ru/login,url,phishing,PhishTank,05/02/2026,banking phishing
https://leadpluss.com/wp/login.html?lang=de#AIV1984045459,url,phishing,PhishTank,05/02/2026,banking phishing
http://login-orangefr.atoms.world/,url,phishing,PhishTank,05/02/2026,banking phishing
https://mindelvet.cv/wp-admin/js/RR/danske/pankki/auth-login/index.php,url,phishing,PhishTank,05/02/2026,banking phishing
https://qrco.de/bgbOaz,url,phishing,PhishTank,05/02/2026,banking phishing
https://q-r.to/bgbOaz,url,phishing,PhishTank,05/02/2026,banking phishing
https://l.ead.me/bgbOaz,url,phishing,PhishTank,05/02/2026,banking phishing
http://metapay-marketplace.producthubintl.shop/banks/dbs,url,phishing,PhishTank,05/02/2026,banking phishing
https://www.bellows-covers.com/scvsss/sso.login/login2.php,url,phishing,PhishTank,05/02/2026,banking phishing
https://protiomreznini.si/plala.pl/jpn/sso.login/login2.php,url,phishing,PhishTank,05/02/2026,banking phishing
https://quantumcuverify.weebly.com/,url,phishing,PhishTank,05/02/2026,banking phishing
https://accountingwebmail.weebly.com/,url,phishing,PhishTank,04/02/2026,banking phishing
https://tk-blogin.co.com/,url,phishing,PhishTank,04/02/2026,banking phishing
https://creditosegu26.webcindario.com,url,phishing,PhishTank,04/02/2026,banking phishing
https://aruba-it.ts-sonderburg.dk/login/,url,phishing,PhishTank,04/02/2026,banking phishing
https://sites.google.com/view/gmx-verify-update/home,url,phishing,PhishTank,04/02/2026,banking phishing
https://kucoin-lloginn.pages.dev/,url,phishing,PhishTank,04/02/2026,banking phishing
https://accessoconfirmazione.sviluppo.host/web/web/login.php,url,phishing,PhishTank,04/02/2026,banking phishing
https://webappsecureaccontswdtifdhger.nicguymosadpcu.biz.id/?yyy,url,phishing,PhishTank,04/02/2026,banking phishing
https://credito-aqui2026.webcindario.com/,url,phishing,PhishTank,03/02/2026,banking phishing
https://secure-web.cisco.com/1CY7uxUJ8lCQ9PsPcq1wCeldyPcrbEE2eYDdbsKJyq0SBWlYqqaQFKQy3L6JAq5YhM53DW3YGRbYYqA8q89NRP0c9rk_X9-bViyboXXP6OWrFlZFz7SNLs5SEaNc7I0u9VhL4wjVCz6L6sI5DjuUbOFGNcdZ6b8YOb3DOCGiAQjvMObbo5w0XqKaCWg9840Uf7wp0ktFE4bDYhqMuk6t6YvYd8GDpdXLszxrX55JvCYBPGhS9X9KxR-ks69JqSs-xh6ASB29uDSMFg2SO8ymLnuCw1i2QsmUAO3y9HrbPq6kWYsZ-96HIDXeZk4o6FYSHsM6JP7yBaSTVLIgwnsgxYfZZgrB92NcL5C6z8oedltiTz30Ake6ZSeJO98Y3f3I_EldRyikHvFxqMja5QK9COmHlHpSpS5LDbDSaavdmDkM/https%3A%2F%2Fgrandedestaque.com.br%2Fcgi%2Findex.php#HYBdgRUCgOiQGsbsPNAWtdAJXamANbfJZynBXrHNaZFSMjLQyx=VFdJTkNJVFlBTklNQUxIT1NQQEdNQUlMLkNPTQ=,url,phishing,PhishTank,03/02/2026,banking phishing
https://verifysbc.webflow.io/,url,phishing,PhishTank,03/02/2026,banking phishing
https://nscapp.com.ng/data/load/gggg/arubaaufix/web/authen.php?web/auth/arub12#/dashboard/overviewAccounts/overview/index=HSVgFDoskNP2B75PVgSrdzftnksgMvDHTCcNhnQDNTGVFGGrLjFLBppDuwZfHaJ7ErCO4b6j9NEyrMVP,url,phishing,PhishTank,03/02/2026,banking phishing
https://accounts.runescapeosrs.eu/en-GB/m-forum-forums320-321-6265498749-321-6265498749-321-6265498749-321-6265498749-321-626549874-321/,url,phishing,PhishTank,02/02/2026,banking phishing
https://att-login-screen-194-02.weeblysite.com/,url,phishing,PhishTank,02/02/2026,banking phishing
https://lifecorelogin.weebly.com/,url,phishing,PhishTank,02/02/2026,banking phishing
https://mwebz-login.weebly.com/,url,phishing,PhishTank,02/02/2026,banking phishing
https://socketwebmailaccount.weebly.com/,url,phishing,PhishTank,02/02/2026,banking phishing
https://www-aruba-fatturazione.mobiili-app.com/login/,url,phishing,PhishTank,02/02/2026,banking phishing
https://epictetushmu-assets.duckdns.org/login,url,phishing,PhishTank,02/02/2026,banking phishing
https://qg6uf.cn/login,url,phishing,PhishTank,02/02/2026,banking phishing
https://robinhoodlogin.start.page/,url,phishing,PhishTank,01/02/2026,banking phishing
http://robinhoodlogin.start.page,url,phishing,PhishTank,01/02/2026,banking phishing
https://loginbancochile-cl.csl-pleasantvalley.org/,url,phishing,PhishTank,31/01/2026,banking phishing
https://zjw.dxt.mybluehost.me/fe/login.php,url,phishing,PhishTank,31/01/2026,banking phishing
https://carousell.avokas.shop/6y5vscqf/kg51x/343fdldg/banks/dbsnew/iframe.htm,url,phishing,PhishTank,31/01/2026,banking phishing
https://protegeraccounts.webcindario.com/,url,phishing,PhishTank,30/01/2026,banking phishing
https://activatbiometria.webcindario.com/login.html,url,phishing,PhishTank,30/01/2026,banking phishing
https://www.cncinsure.com/login,url,phishing,PhishTank,30/01/2026,banking phishing
https://homebanking-frontend.vercel.app/,url,phishing,PhishTank,30/01/2026,banking phishing
https://area-clienti-aruba-rinnovo.auth-login-dashboard.com/index.html,url,phishing,PhishTank,30/01/2026,banking phishing
https://yourmom.tourismkinqston.com/minerwebmailsecure101/web.html?1585&amp;1*1howd4r*_up*MQ..*_gs*MQ..&amp;gclid=CjwKCAjw6s7CBhACEiwAuHQckmMG4jVCQEvK3DNGEDrqDGuST1wMvQ9_63A__PM9DZlTksBhfJzmTBoC28MQAvD_BwE&amp;gbraid=0AAAAAD_qHs_7MG&amp;md=ifucked%40yourmom.com,url,phishing,PhishTank,30/01/2026,banking phishing
https://blocakchain-login.gitbook.io/usa/,url,phishing,PhishTank,30/01/2026,banking phishing
https://intrustbank1728.weebly.com/,url,phishing,PhishTank,30/01/2026,banking phishing
https://sites.google.com/view/authgmxnetlogin/home,url,phishing,PhishTank,30/01/2026,banking phishing
https://vitoriavillasboas.com.br/,url,phishing,PhishTank,30/01/2026,banking phishing
https://creditos-aqu1i.webcindario.com/,url,phishing,PhishTank,30/01/2026,banking phishing
http://bienlinea.onlineaccount.net/,url,phishing,PhishTank,30/01/2026,banking phishing
https://syndicatedsearch.goog/aclk?sa=L&amp;ai=DChsSEwj6noOGt--PAxWKoFoFHWt4ANoYACICCAEQAhoCdnU&amp;co=1&amp;ase=2&amp;gclid=EAIaIQobChMI-p6DhrfvjwMViqBaBR1reADaEAAYAiAAEgKz9vD_BwE&amp;cce=2&amp;category=acrcp_v1_32&amp;sig=AOD64_1n4LWgM1BCnZOJTZbgqkR2SzCvyw&amp;q&amp;nis=6&amp;ch=1&amp;adurl=https://www.gtc.com.gt/personas/crediplangtc?c%3DGS-LD-KW%26utm_source%3Dgoogle%26utm_medium%3Dpaid%26utm_campaign%3DBANCO-GYT_GOOGLE-SEARCH_CREDITOS_CREDIPLAN_LEADS_GT_CPL_2025_AON%26utm_term%3Dpbc%26utm_content%3DBANCO-GYT_GOOGLE-SEARCH_CREDITOS_CREDIPLAN_LEADS_GT_CPL_2025_AON_KW_GENERAL%26gad_source%3D5%26gad_campaignid%3D22643710713&amp;nb=0&amp;rurl=https%3A%2F%2Fsyndicatedsearch.goog%2F&amp;nm=3&amp;nx=211&amp;ny=69&amp;is=384x1173&amp;clkt=2,url,phishing,PhishTank,30/01/2026,banking phishing
https://baiboo.ucomad.mg/swisspas_2k25/login.php,url,phishing,PhishTank,29/01/2026,banking phishing
http://srv246308.hoster-test.ru/sumup/web/login.php,url,phishing,PhishTank,29/01/2026,banking phishing
https://www-aruba-fatturazione.myauthlogin.com//login/,url,phishing,PhishTank,29/01/2026,banking phishing
https://bank.216883.top/,url,phishing,PhishTank,29/01/2026,banking phishing
https://yahoo-mailsignin-afrerverifyprocess26122.framer.wiki/,url,phishing,PhishTank,29/01/2026,banking phishing
https://coinbaceprologim.gitbook.io/login/,url,phishing,PhishTank,28/01/2026,banking phishing
https://www.walesminimasters.co.uk//wp-includes/abilities-api/AA/s-bank/ragkki/auth-login/index.php,url,phishing,PhishTank,28/01/2026,banking phishing
https://thulabongainvest.co.za/WP/login.php,url,phishing,PhishTank,28/01/2026,banking phishing
https://apple.com-57.x10.network/A/5/login.php?FGDD=1,url,phishing,PhishTank,28/01/2026,banking phishing
https://mechanicsbank-business.co.com/,url,phishing,PhishTank,28/01/2026,banking phishing
https://accounts.bmwweb.black/en/login,url,phishing,PhishTank,28/01/2026,banking phishing
https://editorazoreba.com.br/neew/axa/axa/login.php,url,phishing,PhishTank,28/01/2026,banking phishing
https://carlacarrion.com.br/wp-admin/neew/axa/axa/login.php,url,phishing,PhishTank,28/01/2026,banking phishing
https://banking.it-bnl.com/login/landing?TYPE=33554432&amp;REALMOID=06-000c655b-9001-18d2-9f24-304c0af42020&amp;GUID=1&amp;SMAUTHREASON=0&amp;METHOD=GET&amp;SMAGENTNAME=-SM-Inr%2Bk2Nxoy1DaJcZNq%2F8qn4cir9P8AlDER2feMKmwwUTNu7SbhAaAJuMo4BQHasi&amp;TARGET=-SM-HTTPS:%2F%2Fbanking.bnl.it%2Flogin%2Fautorizzazione--mobile--token%3FGUID%3D1%26METHOD%3DGET%26REALMOID%3D06--000349cb--1ade--178e--970e--d68537120000%26SMAGENTNAME%3D--SM--Inr-%2Bk2Nxoy1DaJcZNq-%2F8qn4cir9P8AlDER2feMKmwwUTNu7SbhAaAJuMo4BQHasi%26SMAUTHREASON%3D0%26TARGET%3D--SM--https-:-%2F-%2Fbanking.bnl.it-%2Fit-%2Fhomepage-%2F%26TYPE%3D33554432,url,phishing,PhishTank,28/01/2026,banking phishing
http://www.sfr-login.s-host.net/,url,phishing,PhishTank,27/01/2026,banking phishing
https://thecelticclassic.net/-/inem/login.php,url,phishing,PhishTank,27/01/2026,banking phishing
https://pro-ndax-page-login.webflow.io/,url,phishing,PhishTank,27/01/2026,banking phishing
https://wemailacmontpellierfriwcstatic0c11nalldomainlayoutloginfrance.weebly.com/,url,phishing,PhishTank,27/01/2026,banking phishing
https://wemailacmontpellierfristatic0110nalldomainlayoutoginsecure.weebly.com/,url,phishing,PhishTank,27/01/2026,banking phishing
https://secure1stsummit.weebly.com/,url,phishing,PhishTank,27/01/2026,banking phishing
https://loginacstrasbourgfrdpprofileo1cauthorize1executione1x14.weebly.com/,url,phishing,PhishTank,27/01/2026,banking phishing
https://loginacstrasbourgfrdpprofileo1cauthorize1executione1s22.weebly.com/,url,phishing,PhishTank,27/01/2026,banking phishing
https://loginacstrasbourgfrdpprofileo1cauthorize1executione1s2.weebly.com/,url,phishing,PhishTank,27/01/2026,banking phishing
https://loginacstrasbourgfrdpprofileo1cauthorize1executione1s11.weebly.com/,url,phishing,PhishTank,27/01/2026,banking phishing
https://loginacstrasbourgfrdpprofileo1cauthorize1executione1f16.weebly.com/,url,phishing,PhishTank,27/01/2026,banking phishing
https://loginacstrasbourgfrdpprofileo1cauthorize1executione1f15.weebly.com/,url,phishing,PhishTank,27/01/2026,banking phishing
https://loginacstrasbourgfrdpprofileo1cauthorize1executione1e13.weebly.com/,url,phishing,PhishTank,27/01/2026,banking phishing
https://loginacstrasbourgfrdpprofileo1cauthorize1executione1e12.weebly.com/,url,phishing,PhishTank,27/01/2026,banking phishing
https://loginacstrasbourgfrdpprofileo0cauthorize1executione1z9e9.weebly.com/,url,phishing,PhishTank,27/01/2026,banking phishing
https://loginacstrasbourgfrdpprofileo0cauthorize1executione1z88.weebly.com/,url,phishing,PhishTank,27/01/2026,banking phishing
https://loginacstrasbourgfrdpprofileo0cauthorize1executione1z10.weebly.com/,url,phishing,PhishTank,27/01/2026,banking phishing
https://loginacstrasbourgfrdpprofileo0cauthorize1executione1s55.weebly.com/,url,phishing,PhishTank,27/01/2026,banking phishing
https://loginacstrasbourgfrdpprofileo0cauthorize1executione1s33.weebly.com/,url,phishing,PhishTank,27/01/2026,banking phishing
https://loginacstrasbourgfrdpprofileo0cauthorize1executione1e44.weebly.com/,url,phishing,PhishTank,27/01/2026,banking phishing
https://loginacstrasbourgfrdpprofileo0cauthorize1executione1e77.weebly.com/,url,phishing,PhishTank,27/01/2026,banking phishing
https://loginacstrasbourgfrdpprofileo0cauthorize1executione1d66.weebly.com/,url,phishing,PhishTank,27/01/2026,banking phishing
https://loginacnancymetzfridpprofileoidcauthorize1executione1st7.weebly.com/,url,phishing,PhishTank,27/01/2026,banking phishing
https://loginacnancymetzfridpprofileoidcauthorize1executione1s23.weebly.com/,url,phishing,PhishTank,27/01/2026,banking phishing
https://loginacnancymetzfridpprofileoidcauthorize0executione1sz3.weebly.com/,url,phishing,PhishTank,27/01/2026,banking phishing
https://loginacnancymetzfridpprofileoidcauthorize0executione1sv5.weebly.com/,url,phishing,PhishTank,27/01/2026,banking phishing
https://loginacnancymetzfridpprofileoidcauthorize0executione1st6.weebly.com/,url,phishing,PhishTank,27/01/2026,banking phishing
https://loginacnancymetzfridpprofileoidcauthorize0executione1sb4.weebly.com/,url,phishing,PhishTank,27/01/2026,banking phishing
https://loginacnancymetzfridpprofileoidcauthorize0executione1s2e2.weebly.com/,url,phishing,PhishTank,27/01/2026,banking phishing
https://loginacnancymetzfridpprofileoidcauthorize0executione1s1s.weebly.com/,url,phishing,PhishTank,27/01/2026,banking phishing
https://loginacnancymetzfridpprofileoidcauthoriz1executione1st8.weebly.com/,url,phishing,PhishTank,27/01/2026,banking phishing
https://loginacnancymetzfridpprofileoidcauthorexecutione1s333.weebly.com/,url,phishing,PhishTank,27/01/2026,banking phishing
https://loginaccorleanstoursfridpprzdcauthorizeexecutione1s2.weebly.com/,url,phishing,PhishTank,27/01/2026,banking phishing
https://login-mvtvwireless.weebly.com/,url,phishing,PhishTank,27/01/2026,banking phishing
https://ktsportsmassage.co.uk/login-check.html,url,phishing,PhishTank,27/01/2026,banking phishing
https://goldenwestwebmaillogin.weebly.com/,url,phishing,PhishTank,27/01/2026,banking phishing
https://courrielweb-videotron-login-layout-iwc-static-fr-html.weebly.com/,url,phishing,PhishTank,27/01/2026,banking phishing
https://hr.webcastle.in/verifyemail//index.php?email=a@b.com,url,phishing,PhishTank,27/01/2026,banking phishing
https://boursobank-service-annulation.com/dashboard.html,url,phishing,PhishTank,27/01/2026,banking phishing
https://id.idionosverify.lagdr.com/identifier,url,phishing,PhishTank,27/01/2026,banking phishing

https://meinpaypal.lnc.gmbh/,url,phishing,PhishTank,25/01/2026,banking phishing
https://kucoinx-login.webflow.io/,url,phishing,PhishTank,25/01/2026,banking phishing
https://standardbankonline26.weebly.com/,url,phishing,PhishTank,24/01/2026,banking phishing
http://roblox-com.pl/login,url,phishing,PhishTank,24/01/2026,banking phishing
https://roblox-com.pl/login,url,phishing,PhishTank,24/01/2026,banking phishing
https://acustikaauditiva.com.br/RB/axa/axa/login.php,url,phishing,PhishTank,24/01/2026,banking phishing
https://rachelscottagestudio.co.uk/raiffeisen/login.php,url,phishing,PhishTank,23/01/2026,banking phishing
https://tec-brandschutz.de/wp-includes/css/dist/components/en/neus/login.php,url,phishing,PhishTank,23/01/2026,banking phishing
https://darb.qmobilitbyx.com/a_login.html,url,phishing,PhishTank,23/01/2026,banking phishing
https://darb.qmobilitpcj.com/a_login.html,url,phishing,PhishTank,23/01/2026,banking phishing
https://blockchnanlogin.gitbook.io/usa/,url,phishing,PhishTank,23/01/2026,banking phishing
https://reactivateyouraccount.framer.website/,url,phishing,PhishTank,23/01/2026,banking phishing
https://szkaikai.com/my/Loginlink_id=cojp_head_myj_login&amp;_japan,url,phishing,PhishTank,22/01/2026,banking phishing
https://surnup.de/en/web/login.php,url,phishing,PhishTank,22/01/2026,banking phishing
https://hostdkb.sviluppo.host/on/content/login.php,url,phishing,PhishTank,21/01/2026,banking phishing
http://91.92.243.254:7777/mailsystemupgrade.com/emailverification/please-verify/_proceed/,url,phishing,PhishTank,21/01/2026,banking phishing
https://whg99213.hgweb.ru/axa.ch/login.php,url,phishing,PhishTank,21/01/2026,banking phishing
https://docs.google.com/drawings/d/1pYwL5WlVyMfbOaByrMTKHbivY9QvGroh1xWSYi_D2b8/edit,url,phishing,PhishTank,21/01/2026,banking phishing
https://oxx7opl.wh3sls.hair/o/8y386/1768916800810#selectedbank2&OTHER_INP,url,phishing,PhishTank,20/01/2026,banking phishing
https://dossier243-credit-agricole.com/start,url,phishing,PhishTank,20/01/2026,banking phishing
https://rewardsworlds.com/login,url,phishing,PhishTank,20/01/2026,banking phishing
https://mariabacur.com/plala/sso.login/,url,phishing,PhishTank,20/01/2026,banking phishing
https://brooer.com/admin_dashboard/include/,url,phishing,PhishTank,18/01/2026,banking phishing
https://dashboard.mdr.tbtheunion.com/lang/lof/,url,phishing,PhishTank,18/01/2026,banking phishing
https://finalaccountwarningteam.weebly.com/,url,phishing,PhishTank,17/01/2026,banking phishing
https://newcrystoprbjmanagementindia.com/wp-admin/userr/login.html,url,phishing,PhishTank,17/01/2026,banking phishing
https://mtcologinpage.weebly.com/,url,phishing,PhishTank,17/01/2026,banking phishing
https://sites.google.com/view/att-login-sc/att-terms-and-services,url,phishing,PhishTank,16/01/2026,banking phishing
https://millennium-bcp.ghe.com/login,url,phishing,PhishTank,16/01/2026,banking phishing
https://resona-wuje.com/web/client/#/%2FloginUsername,url,phishing,PhishTank,16/01/2026,banking phishing
https://www.dentosalud.cl/wp-includes/block-supports/louwhan/pages/login.php,url,phishing,PhishTank,16/01/2026,banking phishing
https://w3-inf-y-e-t-t-e-l-ugf.adm.ibsystem.com.br/yetfoodal/bsb/login.php,url,phishing,PhishTank,15/01/2026,banking phishing
http://i-businessbanking.com-5.es,url,phishing,PhishTank,15/01/2026,banking phishing
https://www.kucoin_-login.godaddysites.com/,url,phishing,PhishTank,15/01/2026,banking phishing
https://account-apple.eu/,url,phishing,PhishTank,15/01/2026,banking phishing
https://credit211199.webcindario.com/,url,phishing,PhishTank,14/01/2026,banking phishing
https://credit2026pichin.webcindario.com/,url,phishing,PhishTank,14/01/2026,banking phishing
https://accounts0394-payments.rawonpancimiring.com/?dashboard,url,phishing,PhishTank,14/01/2026,banking phishing
https://www.poohkohaw.com/login,url,phishing,PhishTank,14/01/2026,banking phishing
http://gogna.com.uy/accountupgrade/sso.login/login2.php,url,phishing,PhishTank,13/01/2026,banking phishing
http://secure-rabby-wallet.dream.space,url,phishing,PhishTank,13/01/2026,banking phishing
https://secure-rabby-wallet.dream.space/,url,phishing,PhishTank,13/01/2026,banking phishing
https://portalcreditos.webcindario.com/,url,phishing,PhishTank,13/01/2026,banking phishing
https://bisesecrecy.com/plalalogin/,url,phishing,PhishTank,13/01/2026,banking phishing
https://baytownfc.com/kk/sso.login/index.php,url,phishing,PhishTank,13/01/2026,banking phishing
https://mkm-rae.de/test1/auth/login,url,phishing,PhishTank,12/01/2026,banking phishing
https://login2mailo.weebly.com/,url,phishing,PhishTank,11/01/2026,banking phishing
https://securemylcuacc.weebly.com/,url,phishing,PhishTank,10/01/2026,banking phishing
https://reda99360.softr.app/login,url,phishing,PhishTank,10/01/2026,banking phishing
https://secure-cloudbeds-hotel-aut.bolt.host/,url,phishing,PhishTank,10/01/2026,banking phishing
https://falasecures.vercel.app,url,phishing,PhishTank,09/01/2026,banking phishing
http://www.elsinghorst.org/pprintable/assets/plugindata/personalnedbank/app/card.php,url,phishing,PhishTank,09/01/2026,banking phishing
https://ams3.digitaloceanspaces.com/ox2210/av2210?https://www.bw-bank.de/de/home/service/kontofuehrung-von-zuhause/online-banking-zugang-aktivieren.html?n=true&stref=opener,url,phishing,PhishTank,07/01/2026,banking phishing
https://milienniumbcp.info/2T7RNWKR11YR6K5CGLN0UTEMWN/login,url,phishing,PhishTank,06/01/2026,banking phishing
https://bft.dvj.mybluehost.me/SNTNB/login.php,url,phishing,PhishTank,06/01/2026,banking phishing
https://elbodegon.net/kjsksju98s89s/login.php,url,phishing,PhishTank,02/01/2026,banking phishing
https://loginsumupp11.sviluppo.host/sumup/web/login.php,url,phishing,PhishTank,02/01/2026,banking phishing
https://telkomsaaccountverifier.weebly.com/,url,phishing,PhishTank,01/01/2026,banking phishing

